类别;泰文;音标;中文;词性;例句
问候与尾词;สวัสดี;sà-wàt-dii;你好;n.;สวัสดีครับ / สวัสดีค่ะ
问候与尾词;ขอบคุณ;khàawp-khun;谢谢;v.;ขอบคุณมากครับ
问候与尾词;ขอโทษ;khàaw-thôot;对不起；打扰一下;v.;ขอโทษครับ
问候与尾词;ครับ;khráp;男性礼貌尾词;尾词;สวัสดีครับ
问候与尾词;ค่ะ;khâ;女性尾词（陈述）;尾词;ใช่ค่ะ
问候与尾词;คะ;khá;女性尾词（疑问/呼唤）;尾词;คุณคะ
问候与尾词;ใช่;châi;是；对;v.;ใช่ค่ะ
问候与尾词;ไม่;mái;不；不是;adv.;ไม่เอา
问候与尾词;ยินดีต้อนรับ;yin-dii-dtôn-ráp;欢迎;v.;ยินดีต้อนรับสู่ประเทศไทย
问候与尾词;ลาก่อน;laa-gàawn;再见;v.;ลาก่อนครับ
代词与称呼;ผม;phǒm;我（男性用）;代词;ผมชื่อ…
代词与称呼;ดิฉัน;ì-chǎn;我（女性正式）;代词;—
代词与称呼;ฉัน;chǎn;我（口语常用）;代词;ฉันชื่อ…
代词与称呼;คุณ;khun;你;代词;คุณชื่ออะไร
代词与称呼;เขา;khǎo;他；她;代词;เขาไปไหน
代词与称呼;เรา;rao;我；我们;代词;เราไปด้วยกัน
代词与称呼;พวกเขา;phûuak-khǎo;他们;代词;—
代词与称呼;พี่;phîi;哥哥/姐姐（称呼年长者）;n.;พี่คะ
代词与称呼;น้อง;náawng;弟弟/妹妹（称呼年幼者）;n.;—
代词与称呼;เพื่อน;phûuean;朋友;n.;เพื่อนฉัน
疑问与功能词;อะไร;à-rai;什么;代词;นี่อะไร
疑问与功能词;ใคร;khrai;谁;代词;คุณเป็นใคร
疑问与功能词;ที่ไหน;thîi-nǎi;哪里;—;ห้องน้ำอยู่ที่ไหน
疑问与功能词;เมื่อไหร่;mûuea-rài;什么时候;—;เมื่อไหร่จะมา
疑问与功能词;ทำไม;tham-mai;为什么;—;ทำไมล่ะ
疑问与功能词;อย่างไร;yàang-rai;怎样；如何;—;—
疑问与功能词;เท่าไหร่;tháao-rài;多少钱；多少;—;อันนี้เท่าไหร่
疑问与功能词;กี่;gìi;几;—;กี่โมงแล้ว
疑问与功能词;ไหม;mǎi;吗（是非问句尾词）;尾词;ไปด้วยกันไหม
疑问与功能词;หรือ;rùe;还是；吗;连词;—
数字;ศูนย์;sǔun;零;数;—
数字;หนึ่ง;nùeng;一;数;—
数字;สอง;sǎawng;二;数;—
数字;สาม;sǎam;三;数;—
数字;สี่;sìi;四;数;—
数字;ห้า;hâa;五;数;—
数字;หก;hòk;六;数;—
数字;เจ็ด;jèt;七;数;—
数字;แปด;pàet;八;数;—
数字;เก้า;kâao;九;数;—
数字;สิบ;sìp;十;数;—
数字;สิบเอ็ด;sìp-èt;十一;数;—
数字;ยี่สิบ;yíi-sìp;二十;数;—
数字;ยี่สิบเอ็ด;yíi-sìp-èt;二十一;数;—
数字;สามสิบ;sǎam-sìp;三十;数;—
数字;หนึ่งร้อย;nùeng-ráawy;一百;数;—
数字;หนึ่งพัน;nùeng-phan;一千;数;—
数字;หนึ่งหมื่น;nùeng-mùuen;一万;数;—
数字;หนึ่งแสน;nùeng-sǎen;十万;数;—
数字;หนึ่งล้าน;nùeng-láan;一百万;数;—
旅游·交通方向;รถเมล์;rót-mee;公交车;n.;ขึ้นรถเมล์
旅游·交通方向;แท็กซี่;tháek-sîi;出租车;n.;เรียกแท็กซี่
旅游·交通方向;รถไฟฟ้า;rót-fai-fáa;轻轨（BTS）;n.;นั่งรถไฟฟ้า
旅游·交通方向;รถไฟใต้ดิน;rót-fai-tâi-din;地铁（MRT）;n.;—
旅游·交通方向;รถตุ๊กตุ๊ก;rót-dtúk-dtúk;嘟嘟车;n.;—
旅游·交通方向;เรือ;ruea;船;n.;นั่งเรือ
旅游·交通方向;เครื่องบิน;krûueang-bin;飞机;n.;นั่งเครื่องบิน
旅游·交通方向;สนามบิน;sà-nǎam-bin;机场;n.;ไปสนามบิน
旅游·交通方向;สถานี;sà-thǎa-nii;车站;n.;สถานีต่อไป
旅游·交通方向;โรงแรม;roong-rǎem;酒店;n.;โรงแรมอยู่ที่ไหน
旅游·交通方向;ห้องน้ำ;hâwng-náam;厕所；洗手间;n.;ห้องน้ำอยู่ที่ไหน
旅游·交通方向;ทางซ้าย;taang-sáai;左边;n.;เลี้ยวทางซ้าย
旅游·交通方向;ทางขวา;taang-khwǎa;右边;n.;เลี้ยวทางขวา
旅游·交通方向;ตรงไป;dtrong-pai;直走;v.;ตรงไปเรื่อยๆ
旅游·交通方向;เลี้ยว;líaw;转弯;v.;เลี้ยวซ้าย
旅游·交通方向;ไกล;glai;远;adj.;ไกลมาก
旅游·交通方向;ใกล้;glâi;近;adj.;ใกล้ที่นี่ไหม（注意与 ไกล 声调相反）
旅游·交通方向;ถึง;thùeng;到达;v.;ถึงแล้ว
旅游·交通方向;ออก;àawk;出发；出去;v.;ประตูออกอยู่ที่ไหน
旅游·交通方向;แผนที่;phǎen-thîi;地图;n.;มีแผนที่ไหม
旅游·餐饮购物;กิน;gin;吃;v.;กินข้าวกัน
旅游·餐饮购物;ดื่ม;dùuem;喝;v.;ดื่มน้ำไหม
旅游·餐饮购物;อร่อย;à-ràwy;好吃;adj.;อร่อยมาก
旅游·餐饮购物;เผ็ด;phèt;辣;adj.;เผ็ดมาก
旅游·餐饮购物;ไม่เผ็ด;mái-phèt;不辣;—;เอาไม่เผ็ด
旅游·餐饮购物;น้ำ;náam;水;n.;ขอน้ำหน่อย
旅游·餐饮购物;ข้าว;kháaw;米饭；饭;n.;กินข้าว
旅游·餐饮购物;ก๋วยเตี๋ยว;gǔay-dtǐaw;面条（借词：粿条）;n.;กินก๋วยเตี๋ยวไหม
旅游·餐饮购物;ผัดไทย;phàt-thai;泰式炒河粉;n.;—
旅游·餐饮购物;ส้มตำ;sôm-dtam;青木瓜沙拉;n.;—
旅游·餐饮购物;ชานม;chaa-nom;奶茶;n.;ชานมหนึ่งแก้ว
旅游·餐饮购物;กาแฟ;gaa-fae;咖啡;n.;เอากาแฟ
旅游·餐饮购物;เมนู;mee-nuu;菜单;n.;ขอเมนูหน่อย
旅游·餐饮购物;บิล;bin;账单;n.;เก็บบิลด้วยครับ
旅游·餐饮购物;ลดราคา;lót-raa-khaa;打折;v./n.;ลดราคาไหม
旅游·餐饮购物;แพง;phǎeng;贵;adj.;แพงมาก
旅游·餐饮购物;ถูก;thûuk;便宜;adj.;ถูกมาก
旅游·餐饮购物;จ่ายเงิน;jàai-ngoen;付钱;v.;จ่ายเงินสดได้ไหม
旅游·餐饮购物;เงินสด;ngoen-sòt;现金;n.;—
旅游·餐饮购物;บัตรเครดิต;bàt-khredit;信用卡;n.;รับบัตรเครดิตไหม
泰剧口语·动词;ไป;bpai;去;v.;ไปไหน
泰剧口语·动词;มา;maa;来;v.;มาที่นี่ทำไม
泰剧口语·动词;ทำ;tham;做;v.;ทำอะไรอยู่
泰剧口语·动词;พูด;phûut;说;v.;พูดไทยได้ไหม
泰剧口语·动词;ฟัง;fang;听;v.;ฟังเพลง
泰剧口语·动词;ดู;duu;看;v.;ดูละคร
泰剧口语·动词;รู้;rúu;知道;v.;ไม่รู้
泰剧口语·动词;ไม่รู้;mái-rúu;不知道;v.;ไม่รู้จริงๆ
泰剧口语·动词;เข้าใจ;khâo-jai;明白；理解;v.;เข้าใจไหม
泰剧口语·动词;รัก;rák;爱;v.;รักนะ
泰剧口语·动词;ชอบ;châawy;喜欢;v.;ชอบเพลงนี้
泰剧口语·动词;คิดถึง;khít-thûeng;想念;v.;คิดถึงนะ
泰剧口语·动词;ช่วย;chûuay;帮忙;v.;ช่วยหน่อยได้ไหม
泰剧口语·动词;รอ;raw;等;v.;รอก่อน
泰剧口语·动词;กลับ;glàp;回;v.;กลับบ้าน
泰剧口语·动词;อยาก;yàak;想要;aux.;อยากกิน
泰剧口语·动词;มี;mii;有;v.;มีเงินไหม
泰剧口语·动词;ไม่มี;mái-mii;没有;v.;ไม่มีปัญหา
泰剧口语·动词;เป็น;pen;是；成为;v.;เป็นอะไร
泰剧口语·动词;อยู่;yùu;在；住;v.;อยู่ที่ไหน
泰剧口语·形容词;ดี;dii;好;adj.;ดีมาก
泰剧口语·形容词;ไม่ดี;mái-dii;不好;adj.;—
泰剧口语·形容词;มาก;mâak;很；非常;adv.;ขอบคุณมาก
泰剧口语·形容词;นิดหน่อย;nít-nàwy;一点点;adv.;พูดไทยได้นิดหน่อย
泰剧口语·形容词;เร็ว;reo;快;adj.;เร็วๆ หน่อย
泰剧口语·形容词;ช้า;cháa;慢;adj.;ช้าๆ หน่อย
泰剧口语·形容词;ใหญ่;yài;大;adj.;—
泰剧口语·形容词;เล็ก;lék;小;adj.;—
泰剧口语·形容词;ร้อน;rón;热;adj.;วันนี้อากาศร้อน
泰剧口语·形容词;หนาว;nǎaw;冷;adj.;หนาวมาก
泰剧口语·形容词;สวย;sǔuay;漂亮;adj.;สวยมาก
泰剧口语·形容词;หล่อ;làw;帅;adj.;หล่อมาก
泰剧口语·形容词;สนุก;sà-nùk;有趣；好玩;adj.;สนุกไหม
泰剧口语·形容词;เหนื่อย;nùueay;累;adj.;เหนื่อยมาก
泰剧口语·形容词;จริง;jing;真的;adj./adv.;จริงเหรอ
泰剧口语·短句;คุณชื่ออะไร;khun-chûue-à-rai;你叫什么名字？;短句;คุณชื่ออะไรครับ
泰剧口语·短句;ฉันชื่อ…;chǎn-chûue…;我叫…;短句;ฉันชื่อแอน
泰剧口语·短句;ยินดีที่ได้รู้จัก;yin-dii-thîi-dâi-rúu-jàk;很高兴认识你;短句;—
泰剧口语·短句;พูดภาษาไทยได้ไหม;phûut-phaa-sǎa-thai-dâi-mǎi;你会说泰语吗？;短句;—
泰剧口语·短句;พูดไทยได้นิดหน่อย;phûut-thai-dâi-nít-nàwy;我会说一点泰语;短句;—
泰剧口语·短句;นี่อะไร;nîi-à-rai;这是什么？;短句;—
泰剧口语·短句;อันนี้เท่าไหร่;an-níi-tháao-rài;这个多少钱？;短句;—
泰剧口语·短句;เอาอันนี้;ao-an-níi;我要这个;短句;—
泰剧口语·短句;ไม่เอา;mái-ao;不要;短句;—
泰剧口语·短句;ได้ไหม;dâi-mǎi;可以吗？；…行吗？;短句;ไปด้วยกันได้ไหม
泰剧口语·短句;ได้;dâi;可以；行;短句;ได้ครับ
泰剧口语·短句;ไม่ได้;mái-dâi;不行；不可以;短句;—
泰剧口语·短句;ไปกันเถอะ;bpai-gan-thàw;我们走吧;短句;—
泰剧口语·短句;ไม่มีปัญหา;mái-mii-bpan-hǎa;没问题;短句;—
泰剧口语·短句;ช่างมัน;cháng-man;算了；别管它;短句;ช่างมันเถอะ
娱乐与演出;เพลง;phleeng;歌曲;n.;ชอบเพลงนี้ไหม
娱乐与演出;คอนเสิร์ต;khawn-sèet;演唱会;n.;ไปคอนเสิร์ตกัน
娱乐与演出;บัตร;bàt;票；卡;n.;ซื้อบัตร
娱乐与演出;แฟนคลับ;faen-kláp;粉丝俱乐部;n.;—
娱乐与演出;ศิลปิน;sǐn-lá-bpin;艺人;n.;—
娱乐与演出;ละคร;la-khawn;电视剧;n.;ดูละครไหม
娱乐与演出;ซีรีส์;siirîi;剧集；系列剧;n.;—
娱乐与演出;ซับ;sáp;字幕（英语 sub 借词）;n.;ดูแบบมีซับ
娱乐与演出;ร้องเพลง;râawng-phleeng;唱歌;v.;ร้องเพลงให้หน่อย
娱乐与演出;เต้น;dtên;跳舞;v.;เต้นเก่งมาก
